{
  "model_type": "logistic",
  "train_example_count": 1567,
  "dev_example_count": 369,
  "train_question_count": 72,
  "dev_question_count": 19,
  "train_hit_at_1": 0.5555555555555556,
  "train_hit_at_2": 0.7361111111111112,
  "train_mrr": 0.6902777777777778,
  "train_fbeta_2_5": 0.8107838242636046,
  "dev_hit_at_1": 0.631578947368421,
  "dev_hit_at_2": 0.8421052631578947,
  "dev_mrr": 0.7390350877192983,
  "dev_fbeta_2_5": 0.6861768368617683,
  "heuristic_dev_hit_at_1": 0.631578947368421,
  "heuristic_dev_hit_at_2": 0.6842105263157895,
  "heuristic_dev_mrr": 0.7078947368421052,
  "train_supervision_question_counts": {
    "reviewed": 72
  },
  "dev_supervision_question_counts": {
    "reviewed": 19
  },
  "label_mode": "reviewed_weighted",
  "feature_policy": "runtime_safe_r3",
  "label_quality_note": "Reviewed page labels are used with confidence-aware weighting; low-confidence rows are excluded.",
  "cv_mean_hit_at_1": 0.2469372663082105,
  "cv_std_hit_at_1": 0.06358813788613285,
  "cv_mean_hit_at_2": 0.26754380272550293,
  "cv_std_hit_at_2": 0.05509335247864954,
  "cv_mean_mrr": 0.2606510183296767,
  "cv_std_mrr": 0.054676125555369486,
  "cv_mean_fbeta_2_5": 0.7314050137265878,
  "cv_std_fbeta_2_5": 0.05811621524268264
}
