{
  "model_type": "lgbm",
  "train_example_count": 1644,
  "dev_example_count": 369,
  "train_question_count": 74,
  "dev_question_count": 19,
  "train_hit_at_1": 0.6891891891891891,
  "train_hit_at_2": 0.8378378378378378,
  "train_mrr": 0.7852852852852854,
  "train_fbeta_2_5": 0.8661753297129557,
  "dev_hit_at_1": 0.631578947368421,
  "dev_hit_at_2": 0.8947368421052632,
  "dev_mrr": 0.7736842105263158,
  "dev_fbeta_2_5": 0.7773892773892774,
  "heuristic_dev_hit_at_1": 0.631578947368421,
  "heuristic_dev_hit_at_2": 0.7368421052631579,
  "heuristic_dev_mrr": 0.7429824561403509,
  "train_supervision_question_counts": {
    "reviewed": 74
  },
  "dev_supervision_question_counts": {
    "reviewed": 19
  },
  "label_mode": "reviewed_weighted",
  "feature_policy": "runtime_safe_r3",
  "label_quality_note": "Reviewed page labels are used with confidence-aware weighting; low-confidence rows are excluded.",
  "cv_mean_hit_at_1": 0.295305888141709,
  "cv_std_hit_at_1": 0.020818942272623146,
  "cv_mean_hit_at_2": 0.3283090044284074,
  "cv_std_hit_at_2": 0.011236257085100652,
  "cv_mean_mrr": 0.31586774916625665,
  "cv_std_mrr": 0.015855686620725493,
  "cv_mean_fbeta_2_5": 0.762147262933273,
  "cv_std_fbeta_2_5": 0.05171732782098179
}
